<?xml version="1.0" encoding="UTF-8" ?>
<!DOCTYPE mapper PUBLIC "-//mybatis.org//DTD Mapper 3.0//EN" "http://mybatis.org/dtd/mybatis-3-mapper.dtd" >
<mapper namespace="cn.app118.dao.log.LogMapper" >
  <resultMap id="BaseResultMap" type="cn.app118.model.Log" >
    <id column="log_id" property="logId" jdbcType="INTEGER" />
    <result column="user_id" property="userId" jdbcType="INTEGER" />
    <result column="login_name" property="loginName" jdbcType="VARCHAR" />
    <result column="log_type" property="logType" jdbcType="VARCHAR" />
    <result column="ip_address" property="ipAddress" jdbcType="VARCHAR" />
    <result column="op_content" property="opContent" jdbcType="VARCHAR" />
    <result column="op_time" property="opTime" jdbcType="TIMESTAMP" />
    <result column="terminal_type" property="terminalType" jdbcType="VARCHAR" />
    <result column="localization" property="localization" jdbcType="VARCHAR" />
    <result column="remark1" property="remark1" jdbcType="VARCHAR" />
    <result column="remark2" property="remark2" jdbcType="VARCHAR" />
    <result column="org_id" property="orgId" jdbcType="INTEGER" />
  </resultMap>
  <sql id="Base_Column_List" >
    log_id, user_id, login_name, log_type, ip_address, op_content, op_time, terminal_type, 
    localization, remark1, remark2,org_id
  </sql>
  <sql id="Base_Column_List_Pager" >
    log_id logId, user_id userId,(select real_name from sys_user where sys_log.user_id=user_id) realName, login_name loginName, log_type logType, ip_address ipAddress, op_content opContent, op_time opTime, terminal_type terminalType, 
    localization, remark1, remark2,org_id orgId,(select org_name from sys_org where sys_log.org_id=org_id) orgName
  </sql>
  
  <sql id="pager">
      limit ${start},${len}
  </sql>
  <select id="selectByPrimaryKey" resultMap="BaseResultMap" parameterType="java.lang.Integer" >
    select 
    <include refid="Base_Column_List" />
    from sys_log
    where log_id = #{logId,jdbcType=INTEGER}
  </select>
  <delete id="deleteByPrimaryKey" parameterType="java.lang.Integer" >
    delete from sys_log
    where log_id = #{logId,jdbcType=INTEGER}
  </delete>
  <insert id="insert" parameterType="cn.app118.model.Log" >
    insert into sys_log (log_id, user_id, login_name, 
      log_type, ip_address, op_content, 
      op_time, terminal_type, localization, 
      remark1, remark2,org_id)
    values (#{logId,jdbcType=INTEGER}, #{userId,jdbcType=INTEGER}, #{loginName,jdbcType=VARCHAR}, 
      #{logType,jdbcType=VARCHAR}, #{ipAddress,jdbcType=VARCHAR}, #{opContent,jdbcType=VARCHAR}, 
      #{opTime,jdbcType=TIMESTAMP}, #{terminalType,jdbcType=VARCHAR}, #{localization,jdbcType=VARCHAR}, 
      #{remark1,jdbcType=VARCHAR}, #{remark2,jdbcType=VARCHAR}, #{orgId,jdbcType=INTEGER})
  </insert>
  <insert id="insertSelective" parameterType="cn.app118.model.Log" >
    insert into sys_log
    <trim prefix="(" suffix=")" suffixOverrides="," >
      <if test="logId != null" >
        log_id,
      </if>
      <if test="userId != null" >
        user_id,
      </if>
      <if test="loginName != null" >
        login_name,
      </if>
      <if test="logType != null" >
        log_type,
      </if>
      <if test="ipAddress != null" >
        ip_address,
      </if>
      <if test="opContent != null" >
        op_content,
      </if>
      <if test="opTime != null" >
        op_time,
      </if>
      <if test="terminalType != null" >
        terminal_type,
      </if>
      <if test="localization != null" >
        localization,
      </if>
      <if test="remark1 != null" >
        remark1,
      </if>
      <if test="remark2 != null" >
        remark2,
      </if>
       <if test="orgId != null" >
        org_id,
      </if>
    </trim>
    <trim prefix="values (" suffix=")" suffixOverrides="," >
      <if test="logId != null" >
        #{logId,jdbcType=INTEGER},
      </if>
      <if test="userId != null" >
        #{userId,jdbcType=INTEGER},
      </if>
      <if test="loginName != null" >
        #{loginName,jdbcType=VARCHAR},
      </if>
      <if test="logType != null" >
        #{logType,jdbcType=VARCHAR},
      </if>
      <if test="ipAddress != null" >
        #{ipAddress,jdbcType=VARCHAR},
      </if>
      <if test="opContent != null" >
        #{opContent,jdbcType=VARCHAR},
      </if>
      <if test="opTime != null" >
        #{opTime,jdbcType=TIMESTAMP},
      </if>
      <if test="terminalType != null" >
        #{terminalType,jdbcType=VARCHAR},
      </if>
      <if test="localization != null" >
        #{localization,jdbcType=VARCHAR},
      </if>
      <if test="remark1 != null" >
        #{remark1,jdbcType=VARCHAR},
      </if>
      <if test="remark2 != null" >
        #{remark2,jdbcType=VARCHAR},
      </if>
      <if test="orgId != null" >
        #{orgId,jdbcType=INTEGER},
      </if>
    </trim>
  </insert>
  <update id="updateByPrimaryKeySelective" parameterType="cn.app118.model.Log" >
    update sys_log
    <set >
      <if test="userId != null" >
        user_id = #{userId,jdbcType=INTEGER},
      </if>
      <if test="loginName != null" >
        login_name = #{loginName,jdbcType=VARCHAR},
      </if>
      <if test="logType != null" >
        log_type = #{logType,jdbcType=VARCHAR},
      </if>
      <if test="ipAddress != null" >
        ip_address = #{ipAddress,jdbcType=VARCHAR},
      </if>
      <if test="opContent != null" >
        op_content = #{opContent,jdbcType=VARCHAR},
      </if>
      <if test="opTime != null" >
        op_time = #{opTime,jdbcType=TIMESTAMP},
      </if>
      <if test="terminalType != null" >
        terminal_type = #{terminalType,jdbcType=VARCHAR},
      </if>
      <if test="localization != null" >
        localization = #{localization,jdbcType=VARCHAR},
      </if>
      <if test="remark1 != null" >
        remark1 = #{remark1,jdbcType=VARCHAR},
      </if>
      <if test="remark2 != null" >
        remark2 = #{remark2,jdbcType=VARCHAR},
      </if>
      <if test="orgId != null" >
        org_id = #{orgId,jdbcType=INTEGER},
      </if>
    </set>
    where log_id = #{logId,jdbcType=INTEGER}
  </update>
  <update id="updateByUserIdSelective" parameterType="cn.app118.model.Log" >
    update sys_log
    <set >
      <if test="loginName != null" >
        login_name = #{loginName,jdbcType=VARCHAR},
      </if>
      <if test="logType != null" >
        log_type = #{logType,jdbcType=VARCHAR},
      </if>
      <if test="ipAddress != null" >
        ip_address = #{ipAddress,jdbcType=VARCHAR},
      </if>
      <if test="opContent != null" >
        op_content = #{opContent,jdbcType=VARCHAR},
      </if>
      <if test="opTime != null" >
        op_time = #{opTime,jdbcType=TIMESTAMP},
      </if>
      <if test="terminalType != null" >
        terminal_type = #{terminalType,jdbcType=VARCHAR},
      </if>
      <if test="localization != null" >
        localization = #{localization,jdbcType=VARCHAR},
      </if>
      <if test="remark1 != null" >
        remark1 = #{remark1,jdbcType=VARCHAR},
      </if>
      <if test="remark2 != null" >
        remark2 = #{remark2,jdbcType=VARCHAR},
      </if>
      <if test="orgId != null" >
        org_id = #{orgId,jdbcType=INTEGER},
      </if>
    </set>
    where  user_id = #{userId,jdbcType=INTEGER}
  </update>
  <update id="updateByPrimaryKey" parameterType="cn.app118.model.Log" >
    update sys_log
    set user_id = #{userId,jdbcType=INTEGER},
      login_name = #{loginName,jdbcType=VARCHAR},
      log_type = #{logType,jdbcType=VARCHAR},
      ip_address = #{ipAddress,jdbcType=VARCHAR},
      op_content = #{opContent,jdbcType=VARCHAR},
      op_time = #{opTime,jdbcType=TIMESTAMP},
      terminal_type = #{terminalType,jdbcType=VARCHAR},
      localization = #{localization,jdbcType=VARCHAR},
      remark1 = #{remark1,jdbcType=VARCHAR},
      remark2 = #{remark2,jdbcType=VARCHAR},
      org_id = #{orgId,jdbcType=INTEGER}
    where log_id = #{logId,jdbcType=INTEGER}
  </update>
  
  <!-- 日志分页查询 -->
  <select id="selectByPager" resultType="java.util.Map" parameterType="java.util.Map">
    select 
    <include refid="Base_Column_List_Pager" />
    from sys_log
    <where >
      <if test="userId != null" >
        and user_id = #{userId,jdbcType=INTEGER}
      </if>
      <if test="loginName != null" >
        and instr(login_name,#{loginName,jdbcType=VARCHAR})>0
      </if>
      <if test="logType != null" >
        and log_type = #{logType,jdbcType=VARCHAR}
      </if>
      <if test="ipAddress != null" >
        and instr(ip_address,#{ipAddress,jdbcType=VARCHAR})>0
      </if>
      <if test="opContent != null" >
        and op_content = #{opContent,jdbcType=VARCHAR}
      </if>
      <if test="opTime != null" >
        and op_time = #{opTime,jdbcType=TIMESTAMP}
      </if>
      <if test="terminalType != null" >
        and terminal_type = #{terminalType,jdbcType=VARCHAR}
      </if>
      <if test="localization != null" >
        and localization = #{localization,jdbcType=VARCHAR}
      </if>
      <if test="remark1 != null" >
        and remark1 = #{remark1,jdbcType=VARCHAR}
      </if>
      <if test="remark2 != null" >
        and remark2 = #{remark2,jdbcType=VARCHAR}
      </if>
      <if test="logId != null" >
         and log_id = #{logId,jdbcType=INTEGER}
      </if>
      <if test="orgId != null" >
        and org_id = #{orgId,jdbcType=INTEGER}
      </if>
      <if test="fromCreateTime != null">
			<![CDATA[
		   	 and op_time >= #{fromCreateTime,jdbcType=TIMESTAMP}
		    ]]>
	 </if>
	 <if test="toCreateTime != null">
		<![CDATA[
	   	 and op_time <= #{toCreateTime,jdbcType=TIMESTAMP}
	    ]]>
	 </if>
    </where>
    <if test="orderBy != null" >  
	   ${orderBy}
	</if>
	<include refid="pager" />
  </select>
  
   <!-- 日志分页查询总记录数 -->
   <select id="selectByPagerCount" resultType="java.lang.Integer" 
		parameterType="java.util.Map">
		select
		count(log_id)
		from sys_log
	 <where >
      <if test="userId != null" >
        and user_id = #{userId,jdbcType=INTEGER}
      </if>
      <if test="loginName != null" >
        and instr(login_name,#{loginName,jdbcType=VARCHAR})>0
      </if>
      <if test="logType != null" >
        and log_type = #{logType,jdbcType=VARCHAR}
      </if>
      <if test="ipAddress != null" >
        and instr(ip_address,#{ipAddress,jdbcType=VARCHAR})>0
      </if>
      <if test="opContent != null" >
        and op_content = #{opContent,jdbcType=VARCHAR}
      </if>
      <if test="opTime != null" >
        and op_time = #{opTime,jdbcType=TIMESTAMP}
      </if>
      <if test="terminalType != null" >
        and terminal_type = #{terminalType,jdbcType=VARCHAR}
      </if>
      <if test="localization != null" >
        and localization = #{localization,jdbcType=VARCHAR}
      </if>
      <if test="remark1 != null" >
        and remark1 = #{remark1,jdbcType=VARCHAR}
      </if>
      <if test="remark2 != null" >
        and remark2 = #{remark2,jdbcType=VARCHAR}
      </if>
      <if test="logId != null" >
         and log_id = #{logId,jdbcType=INTEGER}
      </if>
      <if test="orgId != null" >
        and org_id = #{orgId,jdbcType=INTEGER}
      </if>
       <if test="fromCreateTime != null">
			<![CDATA[
		   	 and op_time >= #{fromCreateTime,jdbcType=TIMESTAMP}
		    ]]>
	 </if>
	 <if test="toCreateTime != null">
		<![CDATA[
	   	 and op_time <= #{toCreateTime,jdbcType=TIMESTAMP}
	    ]]>
	 </if>
    </where>
   </select>
</mapper>