<?xml version="1.0" encoding="UTF-8" ?>
<!DOCTYPE mapper PUBLIC "-//mybatis.org//DTD Mapper 3.0//EN" "http://mybatis.org/dtd/mybatis-3-mapper.dtd" >
<mapper namespace="cn.app118.dao.message.MessageMapper" >
  <resultMap id="BaseResultMap" type="cn.app118.model.Message" >
    <id column="msg_id" property="msgId" jdbcType="INTEGER" />
    <result column="msg_title" property="msgTitle" jdbcType="VARCHAR" />
    <result column="msg_content" property="msgContent" jdbcType="VARCHAR" />
    <result column="msg_type" property="msgType" jdbcType="VARCHAR" />
    <result column="msg_create_time" property="msgCreateTime" jdbcType="TIMESTAMP" />
    <result column="msg_expiry_time" property="msgExpiryTime" jdbcType="TIMESTAMP" />
    <result column="is_stick" property="isStick" jdbcType="VARCHAR" />
    <result column="user_id" property="userId" jdbcType="INTEGER" />
  </resultMap>
  <sql id="Base_Column_List" >
    msg_id, msg_title, msg_content, msg_type, msg_create_time, msg_expiry_time, is_stick, 
    user_id
  </sql>
  <sql id="pager">
      limit ${start},${len}
  </sql>
  <select id="selectByPrimaryKey" resultMap="BaseResultMap" parameterType="java.lang.Integer" >
    select 
    <include refid="Base_Column_List" />
    from sys_message
    where msg_id = #{msgId,jdbcType=INTEGER}
  </select>
  <delete id="deleteByPrimaryKey" parameterType="java.lang.Integer" >
    delete from sys_message
    where msg_id = #{msgId,jdbcType=INTEGER}
  </delete>
  <insert id="insert" parameterType="cn.app118.model.Message" useGeneratedKeys="true" keyProperty="msgId">
    insert into sys_message (msg_id, msg_title, msg_content, 
      msg_type, msg_create_time, msg_expiry_time, 
      is_stick, user_id)
    values (#{msgId,jdbcType=INTEGER}, #{msgTitle,jdbcType=VARCHAR}, #{msgContent,jdbcType=VARCHAR}, 
      #{msgType,jdbcType=VARCHAR}, #{msgCreateTime,jdbcType=TIMESTAMP}, #{msgExpiryTime,jdbcType=TIMESTAMP}, 
      #{isStick,jdbcType=VARCHAR}, #{userId,jdbcType=INTEGER})
  </insert>
  <insert id="insertSelective" parameterType="cn.app118.model.Message" >
    insert into sys_message
    <trim prefix="(" suffix=")" suffixOverrides="," >
      <if test="msgId != null" >
        msg_id,
      </if>
      <if test="msgTitle != null" >
        msg_title,
      </if>
      <if test="msgContent != null" >
        msg_content,
      </if>
      <if test="msgType != null" >
        msg_type,
      </if>
      <if test="msgCreateTime != null" >
        msg_create_time,
      </if>
      <if test="msgExpiryTime != null" >
        msg_expiry_time,
      </if>
      <if test="isStick != null" >
        is_stick,
      </if>
      <if test="userId != null" >
        user_id,
      </if>
    </trim>
    <trim prefix="values (" suffix=")" suffixOverrides="," >
      <if test="msgId != null" >
        #{msgId,jdbcType=INTEGER},
      </if>
      <if test="msgTitle != null" >
        #{msgTitle,jdbcType=VARCHAR},
      </if>
      <if test="msgContent != null" >
        #{msgContent,jdbcType=VARCHAR},
      </if>
      <if test="msgType != null" >
        #{msgType,jdbcType=VARCHAR},
      </if>
      <if test="msgCreateTime != null" >
        #{msgCreateTime,jdbcType=TIMESTAMP},
      </if>
      <if test="msgExpiryTime != null" >
        #{msgExpiryTime,jdbcType=TIMESTAMP},
      </if>
      <if test="isStick != null" >
        #{isStick,jdbcType=VARCHAR},
      </if>
      <if test="userId != null" >
        #{userId,jdbcType=INTEGER},
      </if>
    </trim>
  </insert>
  <update id="updateByPrimaryKeySelective" parameterType="cn.app118.model.Message" >
    update sys_message
    <set >
      <if test="msgTitle != null" >
        msg_title = #{msgTitle,jdbcType=VARCHAR},
      </if>
      <if test="msgContent != null" >
        msg_content = #{msgContent,jdbcType=VARCHAR},
      </if>
      <if test="msgType != null" >
        msg_type = #{msgType,jdbcType=VARCHAR},
      </if>
      <if test="msgCreateTime != null" >
        msg_create_time = #{msgCreateTime,jdbcType=TIMESTAMP},
      </if>
      <if test="msgExpiryTime != null" >
        msg_expiry_time = #{msgExpiryTime,jdbcType=TIMESTAMP},
      </if>
      <if test="isStick != null" >
        is_stick = #{isStick,jdbcType=VARCHAR},
      </if>
      <if test="userId != null" >
        user_id = #{userId,jdbcType=INTEGER},
      </if>
    </set>
    where msg_id = #{msgId,jdbcType=INTEGER}
  </update>
  <update id="updateByPrimaryKey" parameterType="cn.app118.model.Message" >
    update sys_message
    set msg_title = #{msgTitle,jdbcType=VARCHAR},
      msg_content = #{msgContent,jdbcType=VARCHAR},
      msg_type = #{msgType,jdbcType=VARCHAR},
      msg_create_time = #{msgCreateTime,jdbcType=TIMESTAMP},
      msg_expiry_time = #{msgExpiryTime,jdbcType=TIMESTAMP},
      is_stick = #{isStick,jdbcType=VARCHAR},
      user_id = #{userId,jdbcType=INTEGER}
    where msg_id = #{msgId,jdbcType=INTEGER}
  </update>
  <select id="selectBySelective"  resultType="java.util.Map" parameterType="java.util.Map" >
	  select 
	      m.msg_id msgId,m.msg_title msgTitle,m.msg_content msgContent,m.msg_type msgType,
	      m.msg_create_time msgCreateTime,m.msg_expiry_time msgExpiryTime,m.is_stick isStick,
	      m.user_id userId,
	      s.msg_send_id msgSendId,
	      (select real_name from sys_user where user_id=s.receiver_id) receiverName,
	      s.receiver_id receiverId,s.sender_id senderId,
	      s.create_time createTime,s.status status,s.remark1 remark1, s.remark2 remark2
      from sys_message m,sys_message_send s where m.msg_id =s.msg_id 
      <if test="msgTitle != null" >
        m.msg_title = #{msgTitle,jdbcType=VARCHAR}
      </if>
      <if test="msgContent != null" >
       and m.msg_content = #{msgContent,jdbcType=VARCHAR}
      </if>
      <if test="msgType != null" >
        and m.msg_type = #{msgType,jdbcType=VARCHAR}
      </if>
      <if test="msgCreateTime != null" >
        and m.msg_create_time = #{msgCreateTime,jdbcType=TIMESTAMP}
      </if>
      <if test="msgExpiryTime != null" >
        and m.msg_expiry_time = #{msgExpiryTime,jdbcType=TIMESTAMP}
      </if>
      <if test="isStick != null" >
        and m.is_stick = #{isStick,jdbcType=VARCHAR}
      </if>
      <!-- <if test="userId != null" >
        and m.user_id = #{userId,jdbcType=INTEGER}
      </if> -->
      <if test="msgId != null" >
         and m.msg_id = #{msgId,jdbcType=INTEGER}
      </if>
      <if test="userId != null" >
        and s.receiver_id = #{userId,jdbcType=INTEGER}
      </if>
      <if test="senderId != null" >
        and s.sender_id = #{senderId,jdbcType=INTEGER}
      </if>
      <if test="createTime != null" >
        and s.create_time = #{createTime,jdbcType=TIMESTAMP}
      </if>
      <if test="status != null" >
        and s.status = #{status,jdbcType=VARCHAR}
      </if>
      <if test="remark1 != null" >
        and s.remark1 = #{remark1,jdbcType=VARCHAR}
      </if>
      <if test="remark2 != null" >
        and s.remark2 = #{remark2,jdbcType=VARCHAR}
      </if>
      order by s.msg_send_id desc
  </select>
  
  <!-- 消息分页查询 -->
  <select id="selectMessageByPager" resultType="java.util.Map" parameterType="java.util.Map">
      select m.msg_id msgId,m.msg_title msgTitle,m.msg_content msgContent,m.msg_type msgType,
      (select code_name from sys_code where code_id=m.msg_type and type='50000') msgTypeCn,
      m.msg_create_time msgCreateTime,m.msg_expiry_time msgExpiryTime,m.is_stick isStick,
      m.user_id userId,s.msg_send_id msgSendId,
      (select real_name from sys_user where user_id=s.receiver_id) receiverName,s.sender_id senderId,
      s.create_time createTime,s.status status,s.remark1 remark1, s.remark2 remark2,s.org_id orgId,
      (select org_name from sys_org where s.org_id=org_id) orgName
      from sys_message m left join sys_message_send s on m.msg_id =s.msg_id 
      <where>
	      <if test="msgTitle != null" >
	        and instr(m.msg_title,#{msgTitle,jdbcType=VARCHAR})>0
	      </if>
	      <if test="msgContent != null" >
	       	and instr(m.msg_content,#{msgContent,jdbcType=VARCHAR})>0
	      </if>
	      <if test="msgType != null" >
	        and m.msg_type = #{msgType,jdbcType=VARCHAR}
	      </if>
	      <if test="fromCreateTime != null" >
	        and m.msg_create_time  >= #{fromCreateTime,jdbcType=TIMESTAMP}
	      </if>
	      <if test="toCreateTime != null" >
	          <![CDATA[
	        	and m.msg_create_time  <= #{toCreateTime,jdbcType=TIMESTAMP}
	           ]]>
	      </if>
	      <if test="msgExpiryTime != null" >
	        and m.msg_expiry_time = #{msgExpiryTime,jdbcType=TIMESTAMP}
	      </if>
	      <if test="isStick != null" >
	        and m.is_stick = #{isStick,jdbcType=VARCHAR}
	      </if>
	      <if test="userId != null" >
	        and m.user_id = #{userId,jdbcType=INTEGER}
	      </if>
	      <if test="msgId != null" >
	         and m.msg_id = #{msgId,jdbcType=INTEGER}
	      </if>
	      <if test="receiverId != null" >
	        and s.receiver_id = #{receiverId,jdbcType=INTEGER}
	      </if>
	      <if test="senderId != null" >
	        and s.sender_id = #{senderId,jdbcType=INTEGER}
	      </if>
	      <if test="createTime != null" >
	        and s.create_time = #{createTime,jdbcType=TIMESTAMP}
	      </if>
	      <if test="status != null" >
	        and s.status = #{status,jdbcType=VARCHAR}
	      </if>
	      <if test="remark1 != null" >
	        and s.remark1 = #{remark1,jdbcType=VARCHAR}
	      </if>
	      <if test="remark2 != null" >
	        and s.remark2 = #{remark2,jdbcType=VARCHAR}
	      </if>
	      <if test="orgId != null" >
	        and s.org_Id = #{orgId,jdbcType=INTEGER}
	      </if>
      </where>
      <if test="orderBy != null" >
      	${orderBy}
      </if>
	  <include refid="pager" />
  </select>
  
  <!-- 消息分页查询总记录数 -->
  <select id="selectMessageByPagerCount" resultType="java.lang.Integer"  parameterType="java.util.Map">
     select
  	 count(m.msg_id)
     from sys_message m left join sys_message_send s on m.msg_id =s.msg_id 
     <where>
	      <if test="msgTitle != null" >
	        and instr(m.msg_title,#{msgTitle,jdbcType=VARCHAR})>0
	      </if>
	      <if test="msgContent != null" >
	       	and instr(m.msg_content,#{msgContent,jdbcType=VARCHAR})>0
	      </if>
	      <if test="msgType != null" >
	        and m.msg_type = #{msgType,jdbcType=VARCHAR}
	      </if>
	      <if test="fromCreateTime != null" >
	        and m.msg_create_time  >= #{fromCreateTime,jdbcType=TIMESTAMP}
	      </if>
	      <if test="toCreateTime != null" >
	          <![CDATA[
	        	and m.msg_create_time  <= #{toCreateTime,jdbcType=TIMESTAMP}
	           ]]>
	      </if>
	      <if test="msgExpiryTime != null" >
	        and m.msg_expiry_time = #{msgExpiryTime,jdbcType=TIMESTAMP}
	      </if>
	      <if test="isStick != null" >
	        and m.is_stick = #{isStick,jdbcType=VARCHAR}
	      </if>
	      <if test="userId != null" >
	        and m.user_id = #{userId,jdbcType=INTEGER}
	      </if>
	      <if test="msgId != null" >
	         and m.msg_id = #{msgId,jdbcType=INTEGER}
	      </if>
	      <if test="receiverId != null" >
	        and s.receiver_id = #{receiverId,jdbcType=INTEGER}
	      </if>
	      <if test="senderId != null" >
	        and s.sender_id = #{senderId,jdbcType=INTEGER}
	      </if>
	      <if test="createTime != null" >
	        and s.create_time = #{createTime,jdbcType=TIMESTAMP}
	      </if>
	      <if test="status != null" >
	        and s.status = #{status,jdbcType=VARCHAR}
	      </if>
	      <if test="remark1 != null" >
	        and s.remark1 = #{remark1,jdbcType=VARCHAR}
	      </if>
	      <if test="remark2 != null" >
	        and s.remark2 = #{remark2,jdbcType=VARCHAR}
	      </if>
	      <if test="orgId != null" >
	        and s.org_Id = #{orgId,jdbcType=INTEGER}
	      </if>
      </where>
  </select>
</mapper>