<?xml version="1.0" encoding="UTF-8" ?>
<!DOCTYPE mapper PUBLIC "-//mybatis.org//DTD Mapper 3.0//EN" "http://mybatis.org/dtd/mybatis-3-mapper.dtd" >
<mapper namespace="cn.app118.dao.message.MessageSendMapper" >
  <resultMap id="BaseResultMap" type="cn.app118.model.MessageSend" >
    <id column="msg_send_id" property="msgSendId" jdbcType="INTEGER" />
    <result column="msg_id" property="msgId" jdbcType="INTEGER" />
    <result column="receiver_id" property="receiverId" jdbcType="INTEGER" />
    <result column="sender_id" property="senderId" jdbcType="INTEGER" />
    <result column="create_time" property="createTime" jdbcType="TIMESTAMP" />
    <result column="status" property="status" jdbcType="VARCHAR" />
    <result column="remark1" property="remark1" jdbcType="VARCHAR" />
    <result column="remark2" property="remark2" jdbcType="VARCHAR" />
    <result column="org_id" property="orgId" jdbcType="INTEGER" />
  </resultMap>
  <sql id="Base_Column_List" >
    msg_send_id, msg_id, receiver_id, sender_id, create_time, status, remark1, remark2,org_id
  </sql>
  <select id="selectByPrimaryKey" resultMap="BaseResultMap" parameterType="java.lang.Integer" >
    select 
    <include refid="Base_Column_List" />
    from sys_message_send
    where msg_send_id = #{msgSendId,jdbcType=INTEGER}
  </select>
  <delete id="deleteByPrimaryKey" parameterType="java.lang.Integer" >
    delete from sys_message_send
    where msg_send_id = #{msgSendId,jdbcType=INTEGER}
  </delete>
  <insert id="insert" parameterType="cn.app118.model.MessageSend" >
    insert into sys_message_send (msg_send_id, msg_id, receiver_id, 
      sender_id, create_time, status, 
      remark1, remark2,org_id)
    values (#{msgSendId,jdbcType=INTEGER}, #{msgId,jdbcType=INTEGER}, #{receiverId,jdbcType=INTEGER}, 
      #{senderId,jdbcType=INTEGER}, #{createTime,jdbcType=TIMESTAMP}, #{status,jdbcType=VARCHAR}, 
      #{remark1,jdbcType=VARCHAR}, #{remark2,jdbcType=VARCHAR}, #{orgId,jdbcType=INTEGER})
  </insert>
  <insert id="insertSelective" parameterType="cn.app118.model.MessageSend" >
    insert into sys_message_send
    <trim prefix="(" suffix=")" suffixOverrides="," >
      <if test="msgSendId != null" >
        msg_send_id,
      </if>
      <if test="msgId != null" >
        msg_id,
      </if>
      <if test="receiverId != null" >
        receiver_id,
      </if>
      <if test="senderId != null" >
        sender_id,
      </if>
      <if test="createTime != null" >
        create_time,
      </if>
      <if test="status != null" >
        status,
      </if>
      <if test="remark1 != null" >
        remark1,
      </if>
      <if test="remark2 != null" >
        remark2,
      </if>
      <if test="orgId != null" >
        org_id,
      </if>
    </trim>
    <trim prefix="values (" suffix=")" suffixOverrides="," >
      <if test="msgSendId != null" >
        #{msgSendId,jdbcType=INTEGER},
      </if>
      <if test="msgId != null" >
        #{msgId,jdbcType=INTEGER},
      </if>
      <if test="receiverId != null" >
        #{receiverId,jdbcType=INTEGER},
      </if>
      <if test="senderId != null" >
        #{senderId,jdbcType=INTEGER},
      </if>
      <if test="createTime != null" >
        #{createTime,jdbcType=TIMESTAMP},
      </if>
      <if test="status != null" >
        #{status,jdbcType=VARCHAR},
      </if>
      <if test="remark1 != null" >
        #{remark1,jdbcType=VARCHAR},
      </if>
      <if test="remark2 != null" >
        #{remark2,jdbcType=VARCHAR},
      </if>
      <if test="orgId != null" >
        #{orgId,jdbcType=INTEGER},
      </if>
    </trim>
  </insert>
  <update id="updateByPrimaryKeySelective" parameterType="cn.app118.model.MessageSend" >
    update sys_message_send
    <set >
      <if test="msgId != null" >
        msg_id = #{msgId,jdbcType=INTEGER},
      </if>
      <if test="receiverId != null" >
        receiver_id = #{receiverId,jdbcType=INTEGER},
      </if>
      <if test="senderId != null" >
        sender_id = #{senderId,jdbcType=INTEGER},
      </if>
      <if test="createTime != null" >
        create_time = #{createTime,jdbcType=TIMESTAMP},
      </if>
      <if test="status != null" >
        status = #{status,jdbcType=VARCHAR},
      </if>
      <if test="remark1 != null" >
        remark1 = #{remark1,jdbcType=VARCHAR},
      </if>
      <if test="remark2 != null" >
        remark2 = #{remark2,jdbcType=VARCHAR},
      </if>
      <if test="orgId != null" >
        org_id = #{orgId,jdbcType=INTEGER},
      </if>
    </set>
    where msg_send_id = #{msgSendId,jdbcType=INTEGER}
  </update>
  <update id="updateByPrimaryKey" parameterType="cn.app118.model.MessageSend" >
    update sys_message_send
    set msg_id = #{msgId,jdbcType=INTEGER},
      receiver_id = #{receiverId,jdbcType=INTEGER},
      sender_id = #{senderId,jdbcType=INTEGER},
      create_time = #{createTime,jdbcType=TIMESTAMP},
      status = #{status,jdbcType=VARCHAR},
      remark1 = #{remark1,jdbcType=VARCHAR},
      remark2 = #{remark2,jdbcType=VARCHAR},
      org_id = #{orgId,jdbcType=INTEGER}
    where msg_send_id = #{msgSendId,jdbcType=INTEGER}
  </update>
</mapper>