<?xml version="1.0" encoding="UTF-8" ?>
<!DOCTYPE mapper PUBLIC "-//mybatis.org//DTD Mapper 3.0//EN" "http://mybatis.org/dtd/mybatis-3-mapper.dtd" >
<mapper namespace="cn.app118.dao.role.RoleMapper" >
  <resultMap id="BaseResultMap" type="cn.app118.model.Role" >
    <id column="role_id" property="roleId" jdbcType="INTEGER" />
    <result column="role_code" property="roleCode" jdbcType="VARCHAR" />
    <result column="role_name" property="roleName" jdbcType="VARCHAR" />
    <result column="user_id" property="userId" jdbcType="INTEGER" />
    <result column="create_time" property="createTime" jdbcType="TIMESTAMP" />
    <result column="isactive" property="isactive" jdbcType="VARCHAR" />
    <result column="role_desc" property="roleDesc" jdbcType="VARCHAR" />
    <result column="remark1" property="remark1" jdbcType="VARCHAR" />
    <result column="sort" property="sort" jdbcType="INTEGER" />
  </resultMap>
  <sql id="Base_Column_List" >
    role_id, role_code, role_name, user_id, create_time, isactive, role_desc, remark1, 
    sort
  </sql>
  <sql id="Base_Column_List_Pager" >
    role_id roleId, role_code roleCode, role_name roleName, user_id userId, create_time createTime, isactive, role_desc roleDesc, remark1, 
    sort
  </sql>
  <!-- 分页 -->
  <sql id="pager">
      limit ${start},${len}
  </sql>
  <select id="selectByPrimaryKey" resultMap="BaseResultMap" parameterType="java.lang.Integer" >
    select 
    <include refid="Base_Column_List" />
    from sys_role
    where role_id = #{roleId,jdbcType=INTEGER}
  </select>
  <delete id="deleteByPrimaryKey" parameterType="java.lang.Integer" >
    delete from sys_role
    where role_id = #{roleId,jdbcType=INTEGER}
  </delete>
  <insert id="insert" parameterType="cn.app118.model.Role" useGeneratedKeys="true" keyProperty="roleId">
    insert into sys_role (role_id, role_code, role_name, 
      user_id, create_time, isactive, 
      role_desc, remark1, sort
      )
    values (#{roleId,jdbcType=INTEGER}, #{roleCode,jdbcType=VARCHAR}, #{roleName,jdbcType=VARCHAR}, 
      #{userId,jdbcType=INTEGER}, #{createTime,jdbcType=TIMESTAMP}, #{isactive,jdbcType=VARCHAR}, 
      #{roleDesc,jdbcType=VARCHAR}, #{remark1,jdbcType=VARCHAR}, #{sort,jdbcType=INTEGER}
      )
  </insert>
  <insert id="insertSelective" parameterType="cn.app118.model.Role" >
    insert into sys_role
    <trim prefix="(" suffix=")" suffixOverrides="," >
      <if test="roleId != null" >
        role_id,
      </if>
      <if test="roleCode != null" >
        role_code,
      </if>
      <if test="roleName != null" >
        role_name,
      </if>
      <if test="userId != null" >
        user_id,
      </if>
      <if test="createTime != null" >
        create_time,
      </if>
      <if test="isactive != null" >
        isactive,
      </if>
      <if test="roleDesc != null" >
        role_desc,
      </if>
      <if test="remark1 != null" >
        remark1,
      </if>
      <if test="sort != null" >
        sort,
      </if>
    </trim>
    <trim prefix="values (" suffix=")" suffixOverrides="," >
      <if test="roleId != null" >
        #{roleId,jdbcType=INTEGER},
      </if>
      <if test="roleCode != null" >
        #{roleCode,jdbcType=VARCHAR},
      </if>
      <if test="roleName != null" >
        #{roleName,jdbcType=VARCHAR},
      </if>
      <if test="userId != null" >
        #{userId,jdbcType=INTEGER},
      </if>
      <if test="createTime != null" >
        #{createTime,jdbcType=TIMESTAMP},
      </if>
      <if test="isactive != null" >
        #{isactive,jdbcType=VARCHAR},
      </if>
      <if test="roleDesc != null" >
        #{roleDesc,jdbcType=VARCHAR},
      </if>
      <if test="remark1 != null" >
        #{remark1,jdbcType=VARCHAR},
      </if>
      <if test="sort != null" >
        #{sort,jdbcType=INTEGER},
      </if>
    </trim>
  </insert>
  <update id="updateByPrimaryKeySelective" parameterType="cn.app118.model.Role" >
    update sys_role
    <set >
      <if test="roleCode != null" >
        role_code = #{roleCode,jdbcType=VARCHAR},
      </if>
      <if test="roleName != null" >
        role_name = #{roleName,jdbcType=VARCHAR},
      </if>
      <if test="userId != null" >
        user_id = #{userId,jdbcType=INTEGER},
      </if>
      <if test="createTime != null" >
        create_time = #{createTime,jdbcType=TIMESTAMP},
      </if>
      <if test="isactive != null" >
        isactive = #{isactive,jdbcType=VARCHAR},
      </if>
      <if test="roleDesc != null" >
        role_desc = #{roleDesc,jdbcType=VARCHAR},
      </if>
      <if test="remark1 != null" >
        remark1 = #{remark1,jdbcType=VARCHAR},
      </if>
      <if test="sort != null" >
        sort = #{sort,jdbcType=INTEGER},
      </if>
    </set>
    where role_id = #{roleId,jdbcType=INTEGER}
  </update>
  <update id="updateByPrimaryKey" parameterType="cn.app118.model.Role" >
    update sys_role
    set role_code = #{roleCode,jdbcType=VARCHAR},
      role_name = #{roleName,jdbcType=VARCHAR},
      user_id = #{userId,jdbcType=INTEGER},
      create_time = #{createTime,jdbcType=TIMESTAMP},
      isactive = #{isactive,jdbcType=VARCHAR},
      role_desc = #{roleDesc,jdbcType=VARCHAR},
      remark1 = #{remark1,jdbcType=VARCHAR},
      sort = #{sort,jdbcType=INTEGER}
    where role_id = #{roleId,jdbcType=INTEGER}
  </update>
  
  <!-- 分页查询 -->
  <select id="selectByPager" resultType="java.util.Map" parameterType="java.util.Map" >
    select 
    <include refid="Base_Column_List_Pager" />
    from sys_role
    <where >
      <if test="roleCode != null" >
        role_code = #{roleCode,jdbcType=VARCHAR}
      </if>
      <if test="roleName != null" >
        and instr(role_name,#{roleName,jdbcType=VARCHAR})>0
      </if>
      <if test="userId != null" >
        and user_id = #{userId,jdbcType=INTEGER}
      </if>
      <if test="createTime != null" >
        and create_time = #{createTime,jdbcType=TIMESTAMP}
      </if>
      <if test="isactive != null" >
        and isactive = #{isactive,jdbcType=VARCHAR}
      </if>
      <if test="roleDesc != null" >
        and role_desc = #{roleDesc,jdbcType=VARCHAR}
      </if>
      <if test="remark1 != null" >
        and remark1 = #{remark1,jdbcType=VARCHAR}
      </if>
      <if test="sort != null" >
        and sort = #{sort,jdbcType=INTEGER}
      </if>
      <if test="roled != null" >
        and role_id = #{roleId,jdbcType=INTEGER}
      </if>
    </where>
    <if test="orderBy != null" >
      ${orderBy}
     </if>
     <include refid="pager" />
  </select>
  
  <!-- 分页查询总记录数 -->
  <select id="selectByPagerCount" resultType="java.lang.Integer"  parameterType="java.util.Map" >
    select 
    count(role_id)
    from sys_role
    <where >
      <if test="roleCode != null" >
        role_code = #{roleCode,jdbcType=VARCHAR}
      </if>
      <if test="roleName != null" >
        and instr(role_name,#{roleName,jdbcType=VARCHAR})>0
      </if>
      <if test="userId != null" >
        and user_id = #{userId,jdbcType=INTEGER}
      </if>
      <if test="createTime != null" >
        and create_time = #{createTime,jdbcType=TIMESTAMP}
      </if>
      <if test="isactive != null" >
        and isactive = #{isactive,jdbcType=VARCHAR}
      </if>
      <if test="roleDesc != null" >
        and role_desc = #{roleDesc,jdbcType=VARCHAR}
      </if>
      <if test="remark1 != null" >
        and remark1 = #{remark1,jdbcType=VARCHAR}
      </if>
      <if test="sort != null" >
        and sort = #{sort,jdbcType=INTEGER}
      </if>
      <if test="roleId != null" >
        and role_id = #{roleId,jdbcType=INTEGER}
      </if>
    </where>
  </select>
  
  
  <!-- 动态查询 -->
  <select id="selectBySeletive" resultMap="BaseResultMap"  parameterType="java.util.Map" >
    select 
    <include refid="Base_Column_List" />
    from sys_role
    <where >
      <if test="roleCode != null" >
        role_code = #{roleCode,jdbcType=VARCHAR}
      </if>
      <if test="roleName != null" >
        and role_name = #{roleName,jdbcType=VARCHAR}
      </if>
      <if test="userId != null" >
        and user_id = #{userId,jdbcType=INTEGER}
      </if>
      <if test="createTime != null" >
        and create_time = #{createTime,jdbcType=TIMESTAMP}
      </if>
      <if test="isactive != null" >
        and isactive = #{isactive,jdbcType=VARCHAR}
      </if>
      <if test="roleDesc != null" >
        and role_desc = #{roleDesc,jdbcType=VARCHAR}
      </if>
      <if test="remark1 != null" >
        and remark1 = #{remark1,jdbcType=VARCHAR}
      </if>
      <if test="sort != null" >
        and sort = #{sort,jdbcType=INTEGER}
      </if>
      <if test="roleId != null" >
        and role_id = #{roleId,jdbcType=INTEGER}
      </if>
    </where>
  </select>
  <!--根据用户标识查询所属用户角色-->
  <select id="selectRoleByUserId" resultMap="BaseResultMap"  parameterType="java.util.Map" >
    select 
    <include refid="Base_Column_List" />
    from sys_role
    where role_id in
    (
		select role_id from sys_user_role_rela where user_id=#{userId,jdbcType=INTEGER}
	)
  </select>
</mapper>