<?xml version="1.0" encoding="UTF-8" ?>
<!DOCTYPE mapper PUBLIC "-//mybatis.org//DTD Mapper 3.0//EN" "http://mybatis.org/dtd/mybatis-3-mapper.dtd" >
<mapper namespace="cn.app118.dao.role.RoleMenuRelaMapper" >
  <resultMap id="BaseResultMap" type="cn.app118.model.RoleMenuRela" >
    <id column="rm_id" property="rmId" jdbcType="INTEGER" />
    <result column="role_id" property="roleId" jdbcType="INTEGER" />
    <result column="menu_id" property="menuId" jdbcType="INTEGER" />
    <result column="menu_code" property="menuCode" jdbcType="VARCHAR" />
    <result column="user_id" property="userId" jdbcType="INTEGER" />
    <result column="create_time" property="createTime" jdbcType="TIMESTAMP" />
  </resultMap>
  <sql id="Base_Column_List" >
    rm_id, role_id, menu_id, menu_code, user_id, create_time
  </sql>
  <select id="selectByPrimaryKey" resultMap="BaseResultMap" parameterType="java.lang.Integer" >
    select 
    <include refid="Base_Column_List" />
    from sys_role_menu_rela
    where rm_id = #{rmId,jdbcType=INTEGER}
  </select>
  <select id="selectRoleMenuRelaByRoleId" resultMap="BaseResultMap" parameterType="java.lang.Integer" >
    select 
    <include refid="Base_Column_List" />
    from sys_role_menu_rela
    where role_id = #{roleId,jdbcType=INTEGER}
  </select>
  <delete id="deleteByPrimaryKey" parameterType="java.lang.Integer" >
    delete from sys_role_menu_rela
    where rm_id = #{rmId,jdbcType=INTEGER}
  </delete>
  <delete id="deleteByRoleId" parameterType="java.lang.Integer" >
    delete from sys_role_menu_rela
    where role_id = #{roleId,jdbcType=INTEGER}
  </delete>
  <insert id="insert" parameterType="cn.app118.model.RoleMenuRela" >
    insert into sys_role_menu_rela (rm_id, role_id, menu_id, 
      menu_code, user_id, create_time
      )
    values (#{rmId,jdbcType=INTEGER}, #{roleId,jdbcType=INTEGER}, #{menuId,jdbcType=INTEGER}, 
      #{menuCode,jdbcType=VARCHAR}, #{userId,jdbcType=INTEGER}, #{createTime,jdbcType=TIMESTAMP}
      )
  </insert>
  <insert id="insertSelective" parameterType="cn.app118.model.RoleMenuRela" >
    insert into sys_role_menu_rela
    <trim prefix="(" suffix=")" suffixOverrides="," >
      <if test="rmId != null" >
        rm_id,
      </if>
      <if test="roleId != null" >
        role_id,
      </if>
      <if test="menuId != null" >
        menu_id,
      </if>
      <if test="menuCode != null" >
        menu_code,
      </if>
      <if test="userId != null" >
        user_id,
      </if>
      <if test="createTime != null" >
        create_time,
      </if>
    </trim>
    <trim prefix="values (" suffix=")" suffixOverrides="," >
      <if test="rmId != null" >
        #{rmId,jdbcType=INTEGER},
      </if>
      <if test="roleId != null" >
        #{roleId,jdbcType=INTEGER},
      </if>
      <if test="menuId != null" >
        #{menuId,jdbcType=INTEGER},
      </if>
      <if test="menuCode != null" >
        #{menuCode,jdbcType=VARCHAR},
      </if>
      <if test="userId != null" >
        #{userId,jdbcType=INTEGER},
      </if>
      <if test="createTime != null" >
        #{createTime,jdbcType=TIMESTAMP},
      </if>
    </trim>
  </insert>
  <update id="updateByPrimaryKeySelective" parameterType="cn.app118.model.RoleMenuRela" >
    update sys_role_menu_rela
    <set >
      <if test="roleId != null" >
        role_id = #{roleId,jdbcType=INTEGER},
      </if>
      <if test="menuId != null" >
        menu_id = #{menuId,jdbcType=INTEGER},
      </if>
      <if test="menuCode != null" >
        menu_code = #{menuCode,jdbcType=VARCHAR},
      </if>
      <if test="userId != null" >
        user_id = #{userId,jdbcType=INTEGER},
      </if>
      <if test="createTime != null" >
        create_time = #{createTime,jdbcType=TIMESTAMP},
      </if>
    </set>
    where rm_id = #{rmId,jdbcType=INTEGER}
  </update>
  <update id="updateByPrimaryKey" parameterType="cn.app118.model.RoleMenuRela" >
    update sys_role_menu_rela
    set role_id = #{roleId,jdbcType=INTEGER},
      menu_id = #{menuId,jdbcType=INTEGER},
      menu_code = #{menuCode,jdbcType=VARCHAR},
      user_id = #{userId,jdbcType=INTEGER},
      create_time = #{createTime,jdbcType=TIMESTAMP}
    where rm_id = #{rmId,jdbcType=INTEGER}
  </update>
</mapper>