<?xml version="1.0" encoding="UTF-8" ?>
<!DOCTYPE mapper PUBLIC "-//mybatis.org//DTD Mapper 3.0//EN" "http://mybatis.org/dtd/mybatis-3-mapper.dtd" >
<mapper namespace="cn.app118.dao.user.UserRoleRelaMapper" >
  <resultMap id="BaseResultMap" type="cn.app118.model.UserRoleRela" >
    <id column="user_role_ref_id" property="userRoleRefId" jdbcType="INTEGER" />
    <result column="user_id" property="userId" jdbcType="INTEGER" />
    <result column="role_id" property="roleId" jdbcType="INTEGER" />
    <result column="op_user_id" property="opUserId" jdbcType="INTEGER" />
    <result column="create_time" property="createTime" jdbcType="TIMESTAMP" />
  </resultMap>
  <sql id="Base_Column_List" >
    user_role_ref_id, user_id, role_id, op_user_id, create_time
  </sql>
  <select id="selectByPrimaryKey" resultMap="BaseResultMap" parameterType="java.lang.Integer" >
    select 
    <include refid="Base_Column_List" />
    from sys_user_role_rela
    where user_role_ref_id = #{userRoleRefId,jdbcType=INTEGER}
  </select>
  <delete id="deleteByPrimaryKey" parameterType="java.lang.Integer" >
    delete from sys_user_role_rela
    where user_role_ref_id = #{userRoleRefId,jdbcType=INTEGER}
  </delete>
  <delete id="deleteByUserId" parameterType="java.lang.Integer" >
    delete from sys_user_role_rela
    where user_id = #{userId,jdbcType=INTEGER}
  </delete>
  <insert id="insert" parameterType="cn.app118.model.UserRoleRela" >
    insert into sys_user_role_rela (user_role_ref_id, user_id, role_id, 
      op_user_id, create_time)
    values (#{userRoleRefId,jdbcType=INTEGER}, #{userId,jdbcType=INTEGER}, #{roleId,jdbcType=INTEGER}, 
      #{opUserId,jdbcType=INTEGER}, #{createTime,jdbcType=TIMESTAMP})
  </insert>
  <insert id="insertSelective" parameterType="cn.app118.model.UserRoleRela" >
    insert into sys_user_role_rela
    <trim prefix="(" suffix=")" suffixOverrides="," >
      <if test="userRoleRefId != null" >
        user_role_ref_id,
      </if>
      <if test="userId != null" >
        user_id,
      </if>
      <if test="roleId != null" >
        role_id,
      </if>
      <if test="opUserId != null" >
        op_user_id,
      </if>
      <if test="createTime != null" >
        create_time,
      </if>
    </trim>
    <trim prefix="values (" suffix=")" suffixOverrides="," >
      <if test="userRoleRefId != null" >
        #{userRoleRefId,jdbcType=INTEGER},
      </if>
      <if test="userId != null" >
        #{userId,jdbcType=INTEGER},
      </if>
      <if test="roleId != null" >
        #{roleId,jdbcType=INTEGER},
      </if>
      <if test="opUserId != null" >
        #{opUserId,jdbcType=INTEGER},
      </if>
      <if test="createTime != null" >
        #{createTime,jdbcType=TIMESTAMP},
      </if>
    </trim>
  </insert>
  <update id="updateByPrimaryKeySelective" parameterType="cn.app118.model.UserRoleRela" >
    update sys_user_role_rela
    <set >
      <if test="userId != null" >
        user_id = #{userId,jdbcType=INTEGER},
      </if>
      <if test="roleId != null" >
        role_id = #{roleId,jdbcType=INTEGER},
      </if>
      <if test="opUserId != null" >
        op_user_id = #{opUserId,jdbcType=INTEGER},
      </if>
      <if test="createTime != null" >
        create_time = #{createTime,jdbcType=TIMESTAMP},
      </if>
    </set>
    where user_role_ref_id = #{userRoleRefId,jdbcType=INTEGER}
  </update>
  <update id="updateByPrimaryKey" parameterType="cn.app118.model.UserRoleRela" >
    update sys_user_role_rela
    set user_id = #{userId,jdbcType=INTEGER},
      role_id = #{roleId,jdbcType=INTEGER},
      op_user_id = #{opUserId,jdbcType=INTEGER},
      create_time = #{createTime,jdbcType=TIMESTAMP}
    where user_role_ref_id = #{userRoleRefId,jdbcType=INTEGER}
  </update>
  
  
  <select id="listUserRoleRela" resultMap="BaseResultMap"  parameterType="cn.app118.model.UserRoleRela" >
    select 
    <include refid="Base_Column_List" />
    from sys_user_role_rela
    <where >
      <if test="userId != null" >
        and user_id = #{userId,jdbcType=INTEGER}
      </if>
      <if test="roleId != null" >
        and role_id = #{roleId,jdbcType=INTEGER}
      </if>
      <if test="opUserId != null" >
        and op_user_id = #{opUserId,jdbcType=INTEGER}
      </if>
      <if test="createTime != null" >
        and create_time = #{createTime,jdbcType=TIMESTAMP}
      </if>
      <if test="userRoleRefId != null" >
         and user_role_ref_id = #{userRoleRefId,jdbcType=INTEGER}
      </if>
    </where>
    
  </select>
  
</mapper>