<?xml version="1.0" encoding="UTF-8"?>
<beans xmlns="http://www.springframework.org/schema/beans"
	xmlns:xsi="http://www.w3.org/2001/XMLSchema-instance" xmlns:aop="http://www.springframework.org/schema/aop"
	xmlns:tx="http://www.springframework.org/schema/tx" xmlns:jdbc="http://www.springframework.org/schema/jdbc"
	xmlns:context="http://www.springframework.org/schema/context"
	xmlns:task="http://www.springframework.org/schema/task"
	xsi:schemaLocation="       
      http://www.springframework.org/schema/context http://www.springframework.org/schema/context/spring-context-3.0.xsd       
      http://www.springframework.org/schema/beans http://www.springframework.org/schema/beans/spring-beans-3.0.xsd       
      http://www.springframework.org/schema/jdbc http://www.springframework.org/schema/jdbc/spring-jdbc-3.0.xsd       
      http://www.springframework.org/schema/tx http://www.springframework.org/schema/tx/spring-tx-3.0.xsd       
      http://www.springframework.org/schema/aop http://www.springframework.org/schema/aop/spring-aop-3.0.xsd
      http://www.springframework.org/schema/task
	  http://www.springframework.org/schema/task/spring-task-3.1.xsd
      ">

	<!--配置webc层 springmvc的范围 -->
	<context:component-scan base-package="cn.app118" />

	<!-- 添加注解驱动 -->
	<context:annotation-config />

	<!-- json转换器配置 -->
	<!-- <bean class="org.springframework.web.servlet.mvc.annotation.AnnotationMethodHandlerAdapter"> 
		<property name="messageConverters"> <bean class="org.springframework.http.converter.json.MappingJacksonHttpMessageConverter" 
		/> </property> </bean> -->

	<bean
		class="org.springframework.web.servlet.mvc.annotation.AnnotationMethodHandlerAdapter">
		<property name="webBindingInitializer">
			<bean class="cn.app118.framework.common.DateBinding" />
		</property>

		<property name="messageConverters">
			<list>
				<bean
					class="com.alibaba.fastjson.support.spring.FastJsonHttpMessageConverter"></bean>
			</list>
		</property>
	</bean>

	<!--视图解析器 -->
	<bean
		class="org.springframework.web.servlet.view.InternalResourceViewResolver" />

	<!--文件上传解析器 8388608=10M 最大设置为5M -->
	<bean id="multipartResolver"
		class="org.springframework.web.multipart.commons.CommonsMultipartResolver">
		<property name="defaultEncoding" value="utf-8"></property>
		<!-- <property name="maxUploadSize" value="4194304"/> -->
	</bean>
	
	<!-- spring 定时任务配置 -->
	<task:annotation-driven/>
    <bean class="org.springframework.beans.factory.annotation.AutowiredAnnotationBeanPostProcessor"/>
   
</beans>